<?xml version="1.0"?>
<ruleset>
    <file>src</file>
    <file>tests</file>
    <arg name="extensions" value="php" />
    <arg value="p"/>
    <arg name="basepath" value="."/>

    <rule ref="PSR12">
        <!-- https://github.com/squizlabs/PHP_CodeSniffer/issues/3200 -->
        <exclude name="PSR12.Classes.AnonClassDeclaration.SpaceAfterKeyword"/>

        <!-- We have a large number of comments between the closing brace of an `if` and the `else`. -->
        <exclude name="Squiz.ControlStructures.ControlSignature.SpaceAfterCloseBrace"/>
    </rule>
</ruleset>
